insert into interet(id, libelle) values (1, 'PHP');
insert into interet(id, libelle) values (2, 'C#');
insert into interet(id, libelle) values (3, 'JAVA');
insert into interet(id, libelle) values (4, 'Angular');
insert into interet(id, libelle) values (5, 'TDD');
insert into interet(id, libelle) values (6, 'UML');
insert into interet(id, libelle) values (7, 'SQL');

INSERT INTO geek (id,nom,prenom,mail,sexe,description,vues) VALUES (1,'Mehdi','Dupuis','augue.eu.tempor@nisiaodio.edu','F','pretium et, rutrum non, hendrerit id, ante. Nunc mauris sapien,',0);
INSERT INTO geek (id,nom,prenom,mail,sexe,description,vues) VALUES (2,'Evan','Gauthier','nibh@nonsapienmolestie.co.uk','F','a, facilisis non, bibendum sed, est. Nunc laoreet lectus quis',0);
INSERT INTO geek (id,nom,prenom,mail,sexe,description,vues) VALUES (3,'Thibault','Rousseau','nisl.elementum.purus@purussapiengravida.org','H','non massa non ante bibendum ullamcorper. Duis cursus, diam at',0);
INSERT INTO geek (id,nom,prenom,mail,sexe,description,vues) VALUES (4,'Gaspard','Dubois','fringilla.Donec.feugiat@hendrerita.co.uk','H','magna. Lorem ipsum dolor sit amet, consectetuer adipiscing elit. Etiam',0);
INSERT INTO geek (id,nom,prenom,mail,sexe,description,vues) VALUES (5,'Gilbert','Blanc','purus.Maecenas@parturientmontesnascetur.net','F','vel sapien imperdiet ornare. In faucibus. Morbi vehicula. Pellentesque tincidunt',0);
INSERT INTO geek (id,nom,prenom,mail,sexe,description,vues) VALUES (6,'Gabriel','Joly','sem@Nullamsuscipit.net','H','mauris erat eget ipsum. Suspendisse sagittis. Nullam vitae diam. Proin',0);
INSERT INTO geek (id,nom,prenom,mail,sexe,description,vues) VALUES (7,'Gabriel','Collin','Aliquam.erat.volutpat@cursusluctusipsum.edu','F','elit sed consequat auctor, nunc nulla vulputate dui, nec tempus',0);
INSERT INTO geek (id,nom,prenom,mail,sexe,description,vues) VALUES (8,'Ethan','Gillet','Donec.tempus.lorem@duiCum.net','H','Duis at lacus. Quisque purus sapien, gravida non, sollicitudin a,',0);
INSERT INTO geek (id,nom,prenom,mail,sexe,description,vues) VALUES (9,'Ethan','Barre','sed.pede@VivamusrhoncusDonec.ca','H','scelerisque scelerisque dui. Suspendisse ac metus vitae velit egestas lacinia.',0);
INSERT INTO geek (id,nom,prenom,mail,sexe,description,vues) VALUES (10,'Roméo','Blanc','tellus@orci.org','F','Cras dolor dolor, tempus non, lacinia at, iaculis quis, pede.',0);
INSERT INTO geek (id,nom,prenom,mail,sexe,description,vues) VALUES (11,'Evan','Pereira','penatibus.et.magnis@laoreetliberoet.com','F','sit amet metus. Aliquam erat volutpat. Nulla facilisis. Suspendisse commodo',0);
INSERT INTO geek (id,nom,prenom,mail,sexe,description,vues) VALUES (12,'Noah','Klein','ante.Nunc@dolorvitae.edu','F','lacinia orci, consectetuer euismod est arcu ac orci. Ut semper',0);
INSERT INTO geek (id,nom,prenom,mail,sexe,description,vues) VALUES (13,'Erwan','Gerard','tortor@cursus.net','F','faucibus lectus, a sollicitudin orci sem eget massa. Suspendisse eleifend.',0);
INSERT INTO geek (id,nom,prenom,mail,sexe,description,vues) VALUES (14,'Kyllian','Baron','felis.Donec.tempor@eu.co.uk','H','tortor. Integer aliquam adipiscing lacus. Ut nec urna et arcu',0);
INSERT INTO geek (id,nom,prenom,mail,sexe,description,vues) VALUES (15,'Léon','Bernard','risus.Duis.a@ultricesDuisvolutpat.net','H','Phasellus elit pede, malesuada vel, venenatis vel, faucibus id, libero.',0);
INSERT INTO geek (id,nom,prenom,mail,sexe,description,vues) VALUES (16,'Malik','Blanchard','habitant@magnaLoremipsum.ca','H','Sed eget lacus. Mauris non dui nec urna suscipit nonummy.',0);
INSERT INTO geek (id,nom,prenom,mail,sexe,description,vues) VALUES (17,'Félix','Royer','risus.Nulla@purusMaecenaslibero.net','F','eu, ligula. Aenean euismod mauris eu elit. Nulla facilisi. Sed',0);
INSERT INTO geek (id,nom,prenom,mail,sexe,description,vues) VALUES (18,'Colin','Roussel','Phasellus.elit@dui.org','H','congue a, aliquet vel, vulputate eu, odio. Phasellus at augue',0);
INSERT INTO geek (id,nom,prenom,mail,sexe,description,vues) VALUES (19,'Roméo','Mallet','orci@mattis.co.uk','H','eros nec tellus. Nunc lectus pede, ultrices a, auctor non,',0);
INSERT INTO geek (id,nom,prenom,mail,sexe,description,vues) VALUES (20,'Louis','Lebrun','neque.Sed@quama.net','H','molestie sodales. Mauris blandit enim consequat purus. Maecenas libero est,',0);
INSERT INTO geek (id,nom,prenom,mail,sexe,description,vues) VALUES (21,'Pierre','Lacroix','facilisis.non@ategestas.ca','H','hymenaeos. Mauris ut quam vel sapien imperdiet ornare. In faucibus.',0);
INSERT INTO geek (id,nom,prenom,mail,sexe,description,vues) VALUES (22,'Zacharis','Charles','sit.amet.faucibus@pedeCumsociis.co.uk','H','Aenean egestas hendrerit neque. In ornare sagittis felis. Donec tempor,',0);
INSERT INTO geek (id,nom,prenom,mail,sexe,description,vues) VALUES (23,'Arthur','Rey','scelerisque.neque.Nullam@Donec.edu','H','pede et risus. Quisque libero lacus, varius et, euismod et,',0);
INSERT INTO geek (id,nom,prenom,mail,sexe,description,vues) VALUES (24,'Renaud','Gonzalez','consequat@ante.ca','F','vel pede blandit congue. In scelerisque scelerisque dui. Suspendisse ac',0);
INSERT INTO geek (id,nom,prenom,mail,sexe,description,vues) VALUES (25,'Léo','Garnier','et@arcuvelquam.net','H','gravida mauris ut mi. Duis risus odio, auctor vitae, aliquet',0);
INSERT INTO geek (id,nom,prenom,mail,sexe,description,vues) VALUES (26,'Mattéo','Aubert','lobortis.Class@orcilobortisaugue.com','H','vel, vulputate eu, odio. Phasellus at augue id ante dictum',0);
INSERT INTO geek (id,nom,prenom,mail,sexe,description,vues) VALUES (27,'Mathieu','Leclerc','purus.accumsan@intempus.edu','H','pharetra nibh. Aliquam ornare, libero at auctor ullamcorper, nisl arcu',0);
INSERT INTO geek (id,nom,prenom,mail,sexe,description,vues) VALUES (28,'Rémi','Caron','magna.Phasellus.dolor@mollisdui.com','H','ut ipsum ac mi eleifend egestas. Sed pharetra, felis eget',0);
INSERT INTO geek (id,nom,prenom,mail,sexe,description,vues) VALUES (29,'Rémi','Blanchard','lacus.vestibulum@ligulaeu.co.uk','H','Aliquam nisl. Nulla eu neque pellentesque massa lobortis ultrices. Vivamus',0);
INSERT INTO geek (id,nom,prenom,mail,sexe,description,vues) VALUES (30,'Maxime','Lefevre','adipiscing@anteNunc.com','H','vitae odio sagittis semper. Nam tempor diam dictum sapien. Aenean',0);
INSERT INTO geek (id,nom,prenom,mail,sexe,description,vues) VALUES (31,'Lorenzo','Bonnet','adipiscing.elit.Aliquam@Vivamus.co.uk','F','Cum sociis natoque penatibus et magnis dis parturient montes, nascetur',0);
INSERT INTO geek (id,nom,prenom,mail,sexe,description,vues) VALUES (32,'Gaspard','Mathieu','ipsum.non@nequeseddictum.edu','F','vestibulum massa rutrum magna. Cras convallis convallis dolor. Quisque tincidunt',0);
INSERT INTO geek (id,nom,prenom,mail,sexe,description,vues) VALUES (33,'Gaspard','Julien','interdum@In.ca','F','massa. Suspendisse eleifend. Cras sed leo. Cras vehicula aliquet libero.',0);
INSERT INTO geek (id,nom,prenom,mail,sexe,description,vues) VALUES (34,'Malik','Muller','semper@adipiscingfringilla.edu','H','Donec at arcu. Vestibulum ante ipsum primis in faucibus orci',0);
INSERT INTO geek (id,nom,prenom,mail,sexe,description,vues) VALUES (35,'Yohan','Weber','convallis@nullaIn.co.uk','H','Nunc mauris sapien, cursus in, hendrerit consectetuer, cursus et, magna.',0);
INSERT INTO geek (id,nom,prenom,mail,sexe,description,vues) VALUES (36,'Tristan','Blanchard','dictum@libero.ca','F','Fusce dolor quam, elementum at, egestas a, scelerisque sed, sapien.',0);
INSERT INTO geek (id,nom,prenom,mail,sexe,description,vues) VALUES (37,'Mathis','Carre','Nulla@pellentesqueeget.edu','H','egestas nunc sed libero. Proin sed turpis nec mauris blandit',0);
INSERT INTO geek (id,nom,prenom,mail,sexe,description,vues) VALUES (38,'Valentin','Renard','feugiat.Lorem@tincidunt.org','F','adipiscing fringilla, porttitor vulputate, posuere vulputate, lacus. Cras interdum. Nunc',0);
INSERT INTO geek (id,nom,prenom,mail,sexe,description,vues) VALUES (39,'Colin','Rousseau','aliquet.molestie.tellus@ornare.net','F','egestas. Fusce aliquet magna a neque. Nullam ut nisi a',0);
INSERT INTO geek (id,nom,prenom,mail,sexe,description,vues) VALUES (40,'Lorenzo','Denis','Nulla.aliquet.Proin@tortorInteger.co.uk','H','magna. Sed eu eros. Nam consequat dolor vitae dolor. Donec',0);
INSERT INTO geek (id,nom,prenom,mail,sexe,description,vues) VALUES (41,'Lorenzo','Vincent','ornare.lectus@Sedegetlacus.co.uk','H','at sem molestie sodales. Mauris blandit enim consequat purus. Maecenas',0);
INSERT INTO geek (id,nom,prenom,mail,sexe,description,vues) VALUES (42,'Quentin','Weber','nibh@augueid.net','F','eu tellus eu augue porttitor interdum. Sed auctor odio a',0);
INSERT INTO geek (id,nom,prenom,mail,sexe,description,vues) VALUES (43,'Baptiste','Boulanger','eleifend.nec@Namporttitorscelerisque.org','H','egestas. Fusce aliquet magna a neque. Nullam ut nisi a',0);
INSERT INTO geek (id,nom,prenom,mail,sexe,description,vues) VALUES (44,'Adam','Richard','et@diamSeddiam.com','H','Fusce diam nunc, ullamcorper eu, euismod ac, fermentum vel, mauris.',0);
INSERT INTO geek (id,nom,prenom,mail,sexe,description,vues) VALUES (45,'Roméo','Robert','mi.lorem.vehicula@rhoncusDonecest.org','H','vel, faucibus id, libero. Donec consectetuer mauris id sapien. Cras',0);
INSERT INTO geek (id,nom,prenom,mail,sexe,description,vues) VALUES (46,'Mathis','Remy','porttitor.eros.nec@lectusante.com','H','sed, sapien. Nunc pulvinar arcu et pede. Nunc sed orci',0);
INSERT INTO geek (id,nom,prenom,mail,sexe,description,vues) VALUES (47,'Léo','Charles','Cras.eget.nisi@eget.com','F','ut mi. Duis risus odio, auctor vitae, aliquet nec, imperdiet',0);
INSERT INTO geek (id,nom,prenom,mail,sexe,description,vues) VALUES (48,'Émile','Dupuis','dis.parturient.montes@vitaealiquet.org','H','neque pellentesque massa lobortis ultrices. Vivamus rhoncus. Donec est. Nunc',0);
INSERT INTO geek (id,nom,prenom,mail,sexe,description,vues) VALUES (49,'Titouan','Thomas','blandit@ligulaAeneangravida.edu','H','egestas. Aliquam nec enim. Nunc ut erat. Sed nunc est,',0);
INSERT INTO geek (id,nom,prenom,mail,sexe,description,vues) VALUES (50,'Adam','Fleury','ornare@Classaptent.ca','F','non enim commodo hendrerit. Donec porttitor tellus non magna. Nam',0);
INSERT INTO geek (id,nom,prenom,mail,sexe,description,vues) VALUES (51,'Simon','Leclerc','luctus.aliquet.odio@euerosNam.co.uk','H','Cras dolor dolor, tempus non, lacinia at, iaculis quis, pede.',0);
INSERT INTO geek (id,nom,prenom,mail,sexe,description,vues) VALUES (52,'Adrian','Dumont','Aliquam@uterat.edu','F','Fusce dolor quam, elementum at, egestas a, scelerisque sed, sapien.',0);
INSERT INTO geek (id,nom,prenom,mail,sexe,description,vues) VALUES (53,'Colin','Robert','Aliquam.rutrum@pedeCum.co.uk','H','elit, dictum eu, eleifend nec, malesuada ut, sem. Nulla interdum.',0);
INSERT INTO geek (id,nom,prenom,mail,sexe,description,vues) VALUES (54,'Timéo','Adam','lacus@justoProinnon.ca','H','auctor. Mauris vel turpis. Aliquam adipiscing lobortis risus. In mi',0);
INSERT INTO geek (id,nom,prenom,mail,sexe,description,vues) VALUES (55,'Victor','Thomas','lobortis@pedeCrasvulputate.co.uk','H','eu tellus. Phasellus elit pede, malesuada vel, venenatis vel, faucibus',0);
INSERT INTO geek (id,nom,prenom,mail,sexe,description,vues) VALUES (56,'Léonard','Dumont','amet.risus.Donec@ultricesDuisvolutpat.ca','F','enim. Sed nulla ante, iaculis nec, eleifend non, dapibus rutrum,',0);
INSERT INTO geek (id,nom,prenom,mail,sexe,description,vues) VALUES (57,'Mathieu','Barre','convallis.convallis.dolor@sedduiFusce.edu','H','Nullam scelerisque neque sed sem egestas blandit. Nam nulla magna,',0);
INSERT INTO geek (id,nom,prenom,mail,sexe,description,vues) VALUES (58,'Lilian','David','Maecenas@ante.org','F','sodales at, velit. Pellentesque ultricies dignissim lacus. Aliquam rutrum lorem',0);
INSERT INTO geek (id,nom,prenom,mail,sexe,description,vues) VALUES (59,'Adam','Royer','Praesent.interdum.ligula@molestiein.ca','F','netus et malesuada fames ac turpis egestas. Aliquam fringilla cursus',0);
INSERT INTO geek (id,nom,prenom,mail,sexe,description,vues) VALUES (60,'Nolan','Hubert','tincidunt.orci@mauris.ca','F','eu, euismod ac, fermentum vel, mauris. Integer sem elit, pharetra',0);
INSERT INTO geek (id,nom,prenom,mail,sexe,description,vues) VALUES (61,'Kevin','Boulanger','Suspendisse.dui@imperdiet.net','F','augue. Sed molestie. Sed id risus quis diam luctus lobortis.',0);
INSERT INTO geek (id,nom,prenom,mail,sexe,description,vues) VALUES (62,'Kyllian','Aubry','Mauris.non.dui@duiaugue.edu','H','nec quam. Curabitur vel lectus. Cum sociis natoque penatibus et',0);
INSERT INTO geek (id,nom,prenom,mail,sexe,description,vues) VALUES (63,'Arthur','Fontaine','vel@Vivamus.edu','F','in aliquet lobortis, nisi nibh lacinia orci, consectetuer euismod est',0);
INSERT INTO geek (id,nom,prenom,mail,sexe,description,vues) VALUES (64,'Marwane','Dupuy','ipsum@Integereu.org','F','aptent taciti sociosqu ad litora torquent per conubia nostra, per',0);
INSERT INTO geek (id,nom,prenom,mail,sexe,description,vues) VALUES (65,'Yohan','Carpentier','pellentesque.eget@ullamcorper.co.uk','H','egestas lacinia. Sed congue, elit sed consequat auctor, nunc nulla',0);
INSERT INTO geek (id,nom,prenom,mail,sexe,description,vues) VALUES (66,'Bruno','Morin','Phasellus.at.augue@nec.org','F','Cras vehicula aliquet libero. Integer in magna. Phasellus dolor elit,',0);
INSERT INTO geek (id,nom,prenom,mail,sexe,description,vues) VALUES (67,'Mathéo','Pereira','mattis.Cras.eget@Quisquevarius.edu','F','Donec porttitor tellus non magna. Nam ligula elit, pretium et,',0);
INSERT INTO geek (id,nom,prenom,mail,sexe,description,vues) VALUES (68,'Malo','Brunet','eu.dolor.egestas@magnis.com','H','imperdiet non, vestibulum nec, euismod in, dolor. Fusce feugiat. Lorem',0);
INSERT INTO geek (id,nom,prenom,mail,sexe,description,vues) VALUES (69,'Élouan','Menard','nec@tincidunt.net','F','ac nulla. In tincidunt congue turpis. In condimentum. Donec at',0);
INSERT INTO geek (id,nom,prenom,mail,sexe,description,vues) VALUES (70,'Rémi','Mercier','Sed@lectus.net','F','libero. Morbi accumsan laoreet ipsum. Curabitur consequat, lectus sit amet',0);
INSERT INTO geek (id,nom,prenom,mail,sexe,description,vues) VALUES (71,'Quentin','Mathieu','a.aliquet@miDuisrisus.co.uk','F','porttitor scelerisque neque. Nullam nisl. Maecenas malesuada fringilla est. Mauris',0);
INSERT INTO geek (id,nom,prenom,mail,sexe,description,vues) VALUES (72,'Gaspard','Cordier','sit.amet@cursusa.co.uk','H','aliquet magna a neque. Nullam ut nisi a odio semper',0);
INSERT INTO geek (id,nom,prenom,mail,sexe,description,vues) VALUES (73,'Lilian','Simon','varius.et@sitamet.ca','H','netus et malesuada fames ac turpis egestas. Aliquam fringilla cursus',0);
INSERT INTO geek (id,nom,prenom,mail,sexe,description,vues) VALUES (74,'Félix','Pierre','ac.facilisis.facilisis@nuncIn.edu','F','Proin mi. Aliquam gravida mauris ut mi. Duis risus odio,',0);
INSERT INTO geek (id,nom,prenom,mail,sexe,description,vues) VALUES (75,'Victor','Bailly','libero.est.congue@dolorFuscefeugiat.org','H','vulputate velit eu sem. Pellentesque ut ipsum ac mi eleifend',0);
INSERT INTO geek (id,nom,prenom,mail,sexe,description,vues) VALUES (76,'Bruno','Meyer','dui@odio.edu','F','ac tellus. Suspendisse sed dolor. Fusce mi lorem, vehicula et,',0);
INSERT INTO geek (id,nom,prenom,mail,sexe,description,vues) VALUES (77,'Jordan','Chevalier','a@laoreet.ca','F','pede blandit congue. In scelerisque scelerisque dui. Suspendisse ac metus',0);
INSERT INTO geek (id,nom,prenom,mail,sexe,description,vues) VALUES (78,'Léo','Baron','Cras.convallis.convallis@eu.ca','H','eu tempor erat neque non quam. Pellentesque habitant morbi tristique',0);
INSERT INTO geek (id,nom,prenom,mail,sexe,description,vues) VALUES (79,'Erwan','Fontaine','placerat.Cras.dictum@sedpede.com','F','lectus, a sollicitudin orci sem eget massa. Suspendisse eleifend. Cras',0);
INSERT INTO geek (id,nom,prenom,mail,sexe,description,vues) VALUES (80,'Paul','Evrard','tempor@tortor.net','H','lectus pede, ultrices a, auctor non, feugiat nec, diam. Duis',0);
INSERT INTO geek (id,nom,prenom,mail,sexe,description,vues) VALUES (81,'Renaud','Jean','sem.eget.massa@orciquislectus.ca','F','non, hendrerit id, ante. Nunc mauris sapien, cursus in, hendrerit',0);
INSERT INTO geek (id,nom,prenom,mail,sexe,description,vues) VALUES (82,'Lucas','Millet','accumsan.neque@cursusdiam.org','F','Proin velit. Sed malesuada augue ut lacus. Nulla tincidunt, neque',0);
INSERT INTO geek (id,nom,prenom,mail,sexe,description,vues) VALUES (83,'Arthur','Marechal','Nam@velfaucibusid.edu','F','Donec consectetuer mauris id sapien. Cras dolor dolor, tempus non,',0);
INSERT INTO geek (id,nom,prenom,mail,sexe,description,vues) VALUES (84,'Gilbert','Girard','gravida.sit.amet@ametnulla.co.uk','H','sollicitudin adipiscing ligula. Aenean gravida nunc sed pede. Cum sociis',0);
INSERT INTO geek (id,nom,prenom,mail,sexe,description,vues) VALUES (85,'Rémi','Le goff','Maecenas.malesuada@porttitoreros.edu','F','Sed id risus quis diam luctus lobortis. Class aptent taciti',0);
INSERT INTO geek (id,nom,prenom,mail,sexe,description,vues) VALUES (86,'Paul','Dumont','ullamcorper.Duis@aliquetvelvulputate.edu','H','Nullam scelerisque neque sed sem egestas blandit. Nam nulla magna,',0);
INSERT INTO geek (id,nom,prenom,mail,sexe,description,vues) VALUES (87,'Dylan','Pasquier','sed@anteMaecenasmi.net','F','ante blandit viverra. Donec tempus, lorem fringilla ornare placerat, orci',0);
INSERT INTO geek (id,nom,prenom,mail,sexe,description,vues) VALUES (88,'Mehdi','Deschamps','felis.orci.adipiscing@torquentper.ca','H','tempus, lorem fringilla ornare placerat, orci lacus vestibulum lorem, sit',0);
INSERT INTO geek (id,nom,prenom,mail,sexe,description,vues) VALUES (89,'Arthur','Lambert','aliquet.vel.vulputate@interdum.net','F','Proin dolor. Nulla semper tellus id nunc interdum feugiat. Sed',0);
INSERT INTO geek (id,nom,prenom,mail,sexe,description,vues) VALUES (90,'Amine','Jacquet','dictum.cursus@laoreet.co.uk','F','ut ipsum ac mi eleifend egestas. Sed pharetra, felis eget',0);
INSERT INTO geek (id,nom,prenom,mail,sexe,description,vues) VALUES (91,'Gabriel','Maillard','Donec.nibh.enim@Mauriseuturpis.org','F','aliquet, sem ut cursus luctus, ipsum leo elementum sem, vitae',0);
INSERT INTO geek (id,nom,prenom,mail,sexe,description,vues) VALUES (92,'Nicolas','Pons','tincidunt.dui.augue@adipiscingelit.org','F','rhoncus. Proin nisl sem, consequat nec, mollis vitae, posuere at,',0);
INSERT INTO geek (id,nom,prenom,mail,sexe,description,vues) VALUES (93,'Florian','Leroux','lorem@nectellusNunc.edu','H','magna. Duis dignissim tempor arcu. Vestibulum ut eros non enim',0);
INSERT INTO geek (id,nom,prenom,mail,sexe,description,vues) VALUES (94,'Macéo','Rolland','turpis@necanteblandit.ca','F','rutrum urna, nec luctus felis purus ac tellus. Suspendisse sed',0);
INSERT INTO geek (id,nom,prenom,mail,sexe,description,vues) VALUES (95,'Rémi','Brun','aliquet.diam.Sed@vitaepurus.net','F','dolor quam, elementum at, egestas a, scelerisque sed, sapien. Nunc',0);
INSERT INTO geek (id,nom,prenom,mail,sexe,description,vues) VALUES (96,'Valentin','Perrot','eu.dolor.egestas@eratneque.edu','H','et, commodo at, libero. Morbi accumsan laoreet ipsum. Curabitur consequat,',0);
INSERT INTO geek (id,nom,prenom,mail,sexe,description,vues) VALUES (97,'Antoine','Picard','metus.Aenean.sed@blanditmattisCras.org','H','Morbi sit amet massa. Quisque porttitor eros nec tellus. Nunc',0);
INSERT INTO geek (id,nom,prenom,mail,sexe,description,vues) VALUES (98,'Noë','Gauthier','Pellentesque.ut@egetodio.net','H','adipiscing fringilla, porttitor vulputate, posuere vulputate, lacus. Cras interdum. Nunc',0);
INSERT INTO geek (id,nom,prenom,mail,sexe,description,vues) VALUES (99,'Maxime','Cordier','lorem.auctor.quis@rhoncusid.com','F','massa. Quisque porttitor eros nec tellus. Nunc lectus pede, ultrices',0);
INSERT INTO geek (id,nom,prenom,mail,sexe,description,vues) VALUES (100,'Kylian','Perrin','Lorem.ipsum.dolor@sitamet.co.uk','H','sem elit, pharetra ut, pharetra sed, hendrerit a, arcu. Sed',0);

INSERT INTO geek_interet (id_geek,id_interet) VALUES (77,4);
INSERT INTO geek_interet (id_geek,id_interet) VALUES (8,1);
INSERT INTO geek_interet (id_geek,id_interet) VALUES (95,5);
INSERT INTO geek_interet (id_geek,id_interet) VALUES (89,1);
INSERT INTO geek_interet (id_geek,id_interet) VALUES (93,5);
INSERT INTO geek_interet (id_geek,id_interet) VALUES (85,6);
INSERT INTO geek_interet (id_geek,id_interet) VALUES (91,7);
INSERT INTO geek_interet (id_geek,id_interet) VALUES (10,3);
INSERT INTO geek_interet (id_geek,id_interet) VALUES (91,4);
INSERT INTO geek_interet (id_geek,id_interet) VALUES (38,5);
INSERT INTO geek_interet (id_geek,id_interet) VALUES (92,7);
INSERT INTO geek_interet (id_geek,id_interet) VALUES (43,2);
INSERT INTO geek_interet (id_geek,id_interet) VALUES (8,2);
INSERT INTO geek_interet (id_geek,id_interet) VALUES (38,4);
INSERT INTO geek_interet (id_geek,id_interet) VALUES (44,6);
INSERT INTO geek_interet (id_geek,id_interet) VALUES (25,5);
INSERT INTO geek_interet (id_geek,id_interet) VALUES (78,4);
INSERT INTO geek_interet (id_geek,id_interet) VALUES (4,6);
INSERT INTO geek_interet (id_geek,id_interet) VALUES (93,7);
INSERT INTO geek_interet (id_geek,id_interet) VALUES (61,1);
INSERT INTO geek_interet (id_geek,id_interet) VALUES (41,5);
INSERT INTO geek_interet (id_geek,id_interet) VALUES (97,7);
INSERT INTO geek_interet (id_geek,id_interet) VALUES (81,6);
INSERT INTO geek_interet (id_geek,id_interet) VALUES (2,7);
INSERT INTO geek_interet (id_geek,id_interet) VALUES (93,2);
INSERT INTO geek_interet (id_geek,id_interet) VALUES (81,5);
INSERT INTO geek_interet (id_geek,id_interet) VALUES (51,5);
INSERT INTO geek_interet (id_geek,id_interet) VALUES (6,2);
INSERT INTO geek_interet (id_geek,id_interet) VALUES (92,7);
INSERT INTO geek_interet (id_geek,id_interet) VALUES (60,7);
INSERT INTO geek_interet (id_geek,id_interet) VALUES (55,6);
INSERT INTO geek_interet (id_geek,id_interet) VALUES (92,1);
INSERT INTO geek_interet (id_geek,id_interet) VALUES (69,4);
INSERT INTO geek_interet (id_geek,id_interet) VALUES (35,1);
INSERT INTO geek_interet (id_geek,id_interet) VALUES (65,1);
INSERT INTO geek_interet (id_geek,id_interet) VALUES (91,1);
INSERT INTO geek_interet (id_geek,id_interet) VALUES (10,5);
INSERT INTO geek_interet (id_geek,id_interet) VALUES (85,2);
INSERT INTO geek_interet (id_geek,id_interet) VALUES (26,2);
INSERT INTO geek_interet (id_geek,id_interet) VALUES (84,2);
INSERT INTO geek_interet (id_geek,id_interet) VALUES (98,3);
INSERT INTO geek_interet (id_geek,id_interet) VALUES (58,6);
INSERT INTO geek_interet (id_geek,id_interet) VALUES (45,4);
INSERT INTO geek_interet (id_geek,id_interet) VALUES (75,1);
INSERT INTO geek_interet (id_geek,id_interet) VALUES (93,3);
INSERT INTO geek_interet (id_geek,id_interet) VALUES (93,6);
INSERT INTO geek_interet (id_geek,id_interet) VALUES (60,1);
INSERT INTO geek_interet (id_geek,id_interet) VALUES (92,4);
INSERT INTO geek_interet (id_geek,id_interet) VALUES (59,4);
INSERT INTO geek_interet (id_geek,id_interet) VALUES (20,7);
INSERT INTO geek_interet (id_geek,id_interet) VALUES (74,7);
INSERT INTO geek_interet (id_geek,id_interet) VALUES (25,2);
INSERT INTO geek_interet (id_geek,id_interet) VALUES (71,3);
INSERT INTO geek_interet (id_geek,id_interet) VALUES (40,1);
INSERT INTO geek_interet (id_geek,id_interet) VALUES (24,6);
INSERT INTO geek_interet (id_geek,id_interet) VALUES (52,7);
INSERT INTO geek_interet (id_geek,id_interet) VALUES (72,6);
INSERT INTO geek_interet (id_geek,id_interet) VALUES (7,2);
INSERT INTO geek_interet (id_geek,id_interet) VALUES (57,7);
INSERT INTO geek_interet (id_geek,id_interet) VALUES (53,3);
INSERT INTO geek_interet (id_geek,id_interet) VALUES (95,2);
INSERT INTO geek_interet (id_geek,id_interet) VALUES (32,4);
INSERT INTO geek_interet (id_geek,id_interet) VALUES (56,6);
INSERT INTO geek_interet (id_geek,id_interet) VALUES (32,3);
INSERT INTO geek_interet (id_geek,id_interet) VALUES (24,1);
INSERT INTO geek_interet (id_geek,id_interet) VALUES (16,7);
INSERT INTO geek_interet (id_geek,id_interet) VALUES (6,3);
INSERT INTO geek_interet (id_geek,id_interet) VALUES (75,5);
INSERT INTO geek_interet (id_geek,id_interet) VALUES (63,5);
INSERT INTO geek_interet (id_geek,id_interet) VALUES (46,4);
INSERT INTO geek_interet (id_geek,id_interet) VALUES (75,5);
INSERT INTO geek_interet (id_geek,id_interet) VALUES (71,5);
INSERT INTO geek_interet (id_geek,id_interet) VALUES (38,5);
INSERT INTO geek_interet (id_geek,id_interet) VALUES (96,2);
INSERT INTO geek_interet (id_geek,id_interet) VALUES (2,2);
INSERT INTO geek_interet (id_geek,id_interet) VALUES (16,6);
INSERT INTO geek_interet (id_geek,id_interet) VALUES (36,7);
INSERT INTO geek_interet (id_geek,id_interet) VALUES (77,1);
INSERT INTO geek_interet (id_geek,id_interet) VALUES (5,4);
INSERT INTO geek_interet (id_geek,id_interet) VALUES (55,5);
INSERT INTO geek_interet (id_geek,id_interet) VALUES (42,6);
INSERT INTO geek_interet (id_geek,id_interet) VALUES (65,2);
INSERT INTO geek_interet (id_geek,id_interet) VALUES (1,3);
INSERT INTO geek_interet (id_geek,id_interet) VALUES (48,1);
INSERT INTO geek_interet (id_geek,id_interet) VALUES (53,4);
INSERT INTO geek_interet (id_geek,id_interet) VALUES (1,3);
INSERT INTO geek_interet (id_geek,id_interet) VALUES (31,5);
INSERT INTO geek_interet (id_geek,id_interet) VALUES (38,1);
INSERT INTO geek_interet (id_geek,id_interet) VALUES (45,7);
INSERT INTO geek_interet (id_geek,id_interet) VALUES (94,3);
INSERT INTO geek_interet (id_geek,id_interet) VALUES (34,3);
INSERT INTO geek_interet (id_geek,id_interet) VALUES (94,7);
INSERT INTO geek_interet (id_geek,id_interet) VALUES (10,4);
INSERT INTO geek_interet (id_geek,id_interet) VALUES (23,1);
INSERT INTO geek_interet (id_geek,id_interet) VALUES (20,3);
INSERT INTO geek_interet (id_geek,id_interet) VALUES (20,7);
INSERT INTO geek_interet (id_geek,id_interet) VALUES (51,4);
INSERT INTO geek_interet (id_geek,id_interet) VALUES (85,2);
INSERT INTO geek_interet (id_geek,id_interet) VALUES (36,3);
INSERT INTO geek_interet (id_geek,id_interet) VALUES (83,2);
